title,link
Comparison of database tools,https://en.wikipedia.orghttps://en.wikipedia.org/wiki/Comparison_of_database_tools
Comparison of object database management systems,https://en.wikipedia.orghttps://en.wikipedia.org/wiki/Comparison_of_object_database_management_systems
Comparison of objectâ€“relational database management systems,https://en.wikipedia.orghttps://en.wikipedia.org/wiki/Comparison_of_object%E2%80%93relational_database_management_systems
Comparison of relational database management systems,https://en.wikipedia.orghttps://en.wikipedia.org/wiki/Comparison_of_relational_database_management_systems
Data bank,https://en.wikipedia.orghttps://en.wikipedia.org/wiki/Data_bank
Data hierarchy,https://en.wikipedia.orghttps://en.wikipedia.org/wiki/Data_hierarchy
Data store,https://en.wikipedia.orghttps://en.wikipedia.org/wiki/Data_store
Database testing,https://en.wikipedia.orghttps://en.wikipedia.org/wiki/Database_testing
Database theory,https://en.wikipedia.orghttps://en.wikipedia.org/wiki/Database_theory
Database,https://en.wikipedia.orghttps://en.wikipedia.org/wiki/Database-as-IPC
Database,https://en.wikipedia.orghttps://en.wikipedia.org/wiki/Database-centric_architecture
Datalog,https://en.wikipedia.orghttps://en.wikipedia.org/wiki/Datalog
DBOS,https://en.wikipedia.orghttps://en.wikipedia.org/wiki/DBOS
Flat,https://en.wikipedia.orghttps://en.wikipedia.org/wiki/Flat-file_database
INP (database),https://en.wikipedia.orghttps://en.wikipedia.org/wiki/INP_(database)
Journal of Database Management,https://en.wikipedia.orghttps://en.wikipedia.org/wiki/Journal_of_Database_Management
Casio Databank,https://en.wikipedia.orghttps://en.wikipedia.org/wiki/Casio_Databank
Conformational dynamics data bank,https://en.wikipedia.orghttps://en.wikipedia.org/wiki/Conformational_dynamics_data_bank
Data repository,https://en.wikipedia.orghttps://en.wikipedia.org/wiki/Data_repository
Databank Systems,https://en.wikipedia.orghttps://en.wikipedia.org/wiki/Databank_Systems
Dortmund Data Bank,https://en.wikipedia.orghttps://en.wikipedia.org/wiki/Dortmund_Data_Bank
Electron Microscopy Data Bank,https://en.wikipedia.orghttps://en.wikipedia.org/wiki/Electron_Microscopy_Data_Bank
Hazardous Substances Data Bank,https://en.wikipedia.orghttps://en.wikipedia.org/wiki/Hazardous_Substances_Data_Bank
List of databases,https://en.wikipedia.orghttps://en.wikipedia.org/wiki/List_of_databases
Memory bank,https://en.wikipedia.orghttps://en.wikipedia.org/wiki/Memory_bank
National Trauma Data Bank,https://en.wikipedia.orghttps://en.wikipedia.org/wiki/National_Trauma_Data_Bank
Protein Data Bank,https://en.wikipedia.orghttps://en.wikipedia.org/wiki/Protein_Data_Bank
Star Wars Databank,https://en.wikipedia.orghttps://en.wikipedia.org/wiki/Star_Wars_Databank
